Workbook

Sheet 00 · Instrucciones
B2: Hackathon de Testing · Account Plan ABE v9
B3: Planilla única de hallazgos · 1h 15min · 1 squad = 1 equipo · Programador en vivo
B5: Cómo usar esta planilla
B7: 1 | C7: Cada squad (equipo) carga sus hallazgos en la hoja '02 · Hallazgos'. Una fila por hallazgo.
B8: 2 | C8: El ID sigue el formato T{n° squad}-{correlativo}. Ej: T1-01, T1-02, T2-01…
B9: 3 | C9: Completar todos los campos obligatorios. El campo 'Severidad' usa dropdown — respetar la rúbrica de la hoja '03 · Rúbrica'.
B10: 4 | C10: El scriba deduplica al cierre: si dos squads reportan lo mismo, se unifica en un solo hallazgo con ambos IDs (ej: T1-07 / T3-12).
B11: 5 | C11: Durante los 3 pitstops, los equipos no cargan nada nuevo — pausa para que el programador reciba el batch y empiece a arreglar.
B12: 6 | C12: En el Bloque 3 (retest), los equipos actualizan el 'Estado' de los hallazgos ya fixados: 'Verificado · fix OK' o 'Verificado · fix incompleto'.
B13: 7 | C13: La hoja '04 · Dashboard' se actualiza sola — sirve de guía durante la votación final.
B14: 8 | C14: La hoja '05 · Decisión GO-NO-GO' se completa en el Bloque 4 con el voto de cada squad y el backlog priorizado.
B16: Agenda del hackathon (75 min)
B18: # | C18: Bloque | D18: Duración | E18: Descripción
B19: 0 | C19: Kickoff | D19: 5 min | E19: Contexto, objetivo, reglas, presentación de equipos
B20: 1 | C20: Smoke Test común | D20: 8 min | E20: 6 steps básicos para verificar que todo carga y calibrar severidad
B21: 🔧 | C21: Pitstop 1 | D21: 4 min | E21: Scriba consolida. Programador recibe Batch 1 y arranca fixes.
B22: 2 | C22: Script · Primera mitad | D22: 18 min | E22: Secciones 01-05: Ficha, Squad, Contexto, Métricas, Nómina
B23: 🔧 | C23: Pitstop 2 | D23: 5 min | E23: Programador entrega Batch 1 terminado, recibe Batch 2
B24: 3 | C24: Script · Segunda mitad + Retest | D24: 20 min | E24: Secciones 06-11 + retest de fixes del Batch 1
B25: 🔧 | C25: Pitstop 3 | D25: 3 min | E25: Último batch entregado. Scriba cierra planilla.
B26: 4 | C26: Cierre · GO/NO-GO + Backlog | D26: 12 min | E26: Votación y consolidación final del backlog P0/P1/P2

Sheet 01 · Hallazgos
A1: Hallazgos del hackathon
A2: Una fila por hallazgo · el scriba deduplica al cierre · severidad según rúbrica (hoja 03)
A3: ↓ Ejemplos en gris para referencia — borrar antes del hackathon ↓
A4: ID | B4: Squad (equipo) | C4: Bloque | D4: Sección | E4: Tipo | F4: Descripción | G4: Pasos para reproducir | H4: Severidad | I4: Impacto | J4: Estado | K4: Asignado a | L4: Notas
A5: T1-01 | B5: Squad FS · Cuenta Aerolínea Patria | C5: 1 | D5: Transversal | E5: Bug | F5: Al hacer F5 en medio de cargar el plan, se pierden todos los datos ingresados | G5: Cargar Ficha + Métricas → F5 → volver a Ficha | H5: 🔴 Bloqueador | I5: Squad pierde 30 min de trabajo si se cierra el tab sin querer | J5: Abierto | K5: Pendiente | L5: Fix estructural, probable P0
A6: T1-02 | B6: Squad FS · Cuenta Aerolínea Patria | C6: 2 | D6: 04 · Métricas | E6: Inconsistencia | F6: DPRR del header no se actualiza cuando se editan renta/costo en Nómina, solo al tocar Revenue/Margen en Métricas | G6: Métricas → Revenue=100k → Nómina → cambiar renta → volver al header | H6: 🟠 Mayor | I6: Squad puede presentar un DPRR desactualizado en QBR | J6: En fix | K6: Juan | L6: —
A7: T1-03 | B7: Squad FS · Cuenta Aerolínea Patria | C7: 2 | D7: 05 · Nómina | E7: UX | F7: Las opciones 'Crítico (30-40%)' y 'Estable (30-40%)' tienen el mismo rango en el selector de tipo de margen | G7: Nómina → columna 'Tipo margen' → abrir dropdown | H7: 🟡 Menor | I7: Ambigüedad al clasificar — dos Acidians con mismo margen pueden quedar en categorías distintas | J7: Verificado · fix OK | K7: Juan | L7: Fix aplicado 11:42 — ranges ajustados a ≥40 / 30-40 / 20-30 / <20

Sheet 02 · Rúbrica
B2: Rúbrica de severidad y decisión GO/NO-GO
B3: Consultar antes de clasificar un hallazgo y antes de votar al cierre
B5: Niveles de severidad
B6: Nivel | C6: Definición
B7: 🔴 Bloqueador | C7: Impide usar el prototipo, o produce un dato incorrecto que puede tomarse como verdad. | F7: DPRR mal calculado · sección que no carga · pérdida de datos al refrescar
B8: 🟠 Mayor | C8: Se puede trabajar alrededor, pero genera fricción significativa o riesgo de error humano. | F8: Doble captura de dato · falta de validación numérica · inconsistencia entre secciones
B9: 🟡 Menor | C9: Incomoda pero no compromete el uso. Cosmético o editorial. | F9: Placeholder genérico · sigla sin definir · alineación de columnas
B10: 🟢 Nice-to-have | C10: Mejora de ambición, no de corrección. | F10: Autocompletar desde CRM · resumen ejecutivo generado · export PDF
B13: Rúbrica para votar GO
B14: Cada squad, antes de votar, se pregunta honestamente:
B16: Criterio
B17: Bloqueadores sin resolver al final del hackathon | F17: 0
B18: Mayores sin resolver | F18: ≤ 5 con workaround aceptable
B19: Secciones completables end-to-end sin tutorial | F19: ≥ 10 de 12
B20: ¿Lo usarías el lunes con tu cuenta real sin avergonzarte? | F20: Sí
B23: Resultados posibles
B25: ✅ GO LIVE | C25: Todos los squads votan GO. Arranca piloto con 2–3 cuentas reales.
B26: 🟡 GO CONDICIONAL | C26: Mayoría GO pero queda backlog P0. Se cierra lista corta con dueño y fecha; una vez resuelto habilita el piloto sin nuevo hackathon.
B27: 🔴 NO-GO | C27: Mayoría NO-GO, o >3 bloqueadores abiertos. Vuelve a diseño. Nuevo hackathon en 2 semanas.
B30: ⚠ Veto técnico: un solo equipo puede forzar GO CONDICIONAL si tiene un bloqueador argumentado con pasos reproducibles. No se vota por encima de un hallazgo técnico sólido.

Sheet 03 · Dashboard
B2: Dashboard de hallazgos
B3: Conteos automáticos · se actualiza al cargar hallazgos en la hoja 01
B5: Total de hallazgos
B6: Total reportados | C6: =COUNTA('01 · Hallazgos'!A8:A107) -> 0
B8: Por severidad | E8: Por squad
B10: 🔴 Bloqueador | C10: =COUNTIF('01 · Hallazgos'!H8:H107,"🔴 Bloqueador") -> 0 | E10: Squad | F10: Reportados
B11: 🟠 Mayor | C11: =COUNTIF('01 · Hallazgos'!H8:H107,"🟠 Mayor") -> 0 | E11: (Squad 1: editar nombre) | F11: =IF(E11="",0,COUNTIF('01 · Hallazgos'!B8:B107,"*"&E11&"*")) -> 0
B12: 🟡 Menor | C12: =COUNTIF('01 · Hallazgos'!H8:H107,"🟡 Menor") -> 0 | E12: (Squad 2: editar nombre) | F12: =IF(E12="",0,COUNTIF('01 · Hallazgos'!B8:B107,"*"&E12&"*")) -> 0
B13: 🟢 Nice-to-have | C13: =COUNTIF('01 · Hallazgos'!H8:H107,"🟢 Nice-to-have") -> 0 | E13: (Squad 3: editar nombre) | F13: =IF(E13="",0,COUNTIF('01 · Hallazgos'!B8:B107,"*"&E13&"*")) -> 0
E14: (Squad 4: editar nombre) | F14: =IF(E14="",0,COUNTIF('01 · Hallazgos'!B8:B107,"*"&E14&"*")) -> 0
B15: Por estado | E15: (Squad 5: editar nombre) | F15: =IF(E15="",0,COUNTIF('01 · Hallazgos'!B8:B107,"*"&E15&"*")) -> 0
E16: (Squad 6: editar nombre) | F16: =IF(E16="",0,COUNTIF('01 · Hallazgos'!B8:B107,"*"&E16&"*")) -> 0
B17: Abierto | C17: =COUNTIF('01 · Hallazgos'!J8:J107,"Abierto") -> 0
B18: En fix | C18: =COUNTIF('01 · Hallazgos'!J8:J107,"En fix") -> 0
B19: Verificado · fix OK | C19: =COUNTIF('01 · Hallazgos'!J8:J107,"Verificado · fix OK") -> 0
B20: Verificado · fix incompleto | C20: =COUNTIF('01 · Hallazgos'!J8:J107,"Verificado · fix incompleto") -> 0
B21: Descartado | C21: =COUNTIF('01 · Hallazgos'!J8:J107,"Descartado") -> 0
B23: Por sección del prototipo
B25: 00 · Guía | C25: =COUNTIF('01 · Hallazgos'!D8:D107,"00 · Guía") -> 0
B26: 01 · Ficha | C26: =COUNTIF('01 · Hallazgos'!D8:D107,"01 · Ficha") -> 0
B27: 02 · Squad | C27: =COUNTIF('01 · Hallazgos'!D8:D107,"02 · Squad") -> 0
B28: 03 · Contexto | C28: =COUNTIF('01 · Hallazgos'!D8:D107,"03 · Contexto") -> 0
B29: 04 · Métricas | C29: =COUNTIF('01 · Hallazgos'!D8:D107,"04 · Métricas") -> 0
B30: 05 · Nómina | C30: =COUNTIF('01 · Hallazgos'!D8:D107,"05 · Nómina") -> 0
B31: 06 · Contrapartes | C31: =COUNTIF('01 · Hallazgos'!D8:D107,"06 · Contrapartes") -> 0
B32: 07 · Churn | C32: =COUNTIF('01 · Hallazgos'!D8:D107,"07 · Churn") -> 0
B33: 08 · Expansión | C33: =COUNTIF('01 · Hallazgos'!D8:D107,"08 · Expansión") -> 0
B34: 09 · Salud | C34: =COUNTIF('01 · Hallazgos'!D8:D107,"09 · Salud") -> 0
B35: 10 · Stack | C35: =COUNTIF('01 · Hallazgos'!D8:D107,"10 · Stack") -> 0
B36: 11 · Competencia | C36: =COUNTIF('01 · Hallazgos'!D8:D107,"11 · Competencia") -> 0
B37: Transversal | C37: =COUNTIF('01 · Hallazgos'!D8:D107,"Transversal") -> 0

Sheet 04 · Decisión GO-NO-GO
B2: Decisión final · Bloque 4
B3: Se completa durante los últimos 12 min del hackathon
B5: Voto por squad
B7: Squad (equipo) | C7: Voto | D7: Fundamento (1 línea)
B16: Decisión consolidada
B17: (Facilitador registra decisión final aquí)
B19: Decisión final
B20: Fecha
B21: Próximo hito
B22: Dueño del backlog P0

Sheet 05 · Backlog P0-P1-P2
A1: Backlog consolidado post-hackathon
A2: Se completa en los últimos 10 min · agrupa hallazgos abiertos al cierre
A4: Prioridad | B4: ID(s) origen | C4: Descripción | D4: Severidad | E4: Dueño | F4: Fecha objetivo | G4: Sprint | H4: Notas
A5: P0 · Pre-launch | B5: Obligatorios antes del piloto — sin esto no hay GO LIVE
A10: P1 · Sprint 1 | B10: Primeras 2 semanas post-launch
A15: P2 · Backlog | B15: Todo lo demás, sin fecha crítica
